Metric,Mean,Std
Throughput,16820.0,8033.239028743592
Latency,59630.0,22112.958402098287
Fairness,0.033333333333333305,6.973850769498386e-18
