Metric,Mean,Std
Throughput,17270.0,7323.485122770056
Latency,48630.0,25382.987621752894
Fairness,0.06666666666666661,1.3947701538996772e-17
